timestamp,run_id,val_bpb,cadence,cadence_offset,num_unique_layers,num_loops,lr,grad_clip,mlp_mult,model_dim,steps,f_steps,n_steps,avg_ms,time_s,params,reasoning,notes
2026-03-22T02:24:23.694105,seed_001,2.6371,2,0,3,3,0.0003,1.0,2,0,,,,,,,seed config,seed: 3x3 cadence2 (our baseline)
2026-03-22T02:27:54.232070,seed_002,2.6061,1,0,3,3,0.0003,1.0,2,0,,,,,,,seed config,seed: always fractal control
2026-03-22T02:29:14.043656,seed_003,3.2873,0,0,3,3,0.0003,1.0,2,0,,,,,,,seed config,seed: never fractal control
2026-03-22T02:32:06.866493,seed_004,2.6274,2,0,4,3,0.0003,0.5,2,0,,,,,,,seed config,seed: 4x3 loose clip
2026-03-22T02:33:57.192268,seed_005,2.4951,2,0,3,2,0.0005,1.0,2,0,,,,,,,seed config,seed: 3x2 high lr
2026-03-22T02:36:30.178865,qwen_006,2.4505,2,0,3,3,0.001,1.0,2,0,,,,,,,"The results show cadence=2 (F/N) is effective with 3 layers and 2 loops, but we should explore if increasing loops to 3 with the same cadence improves performance. The best result used 3 layers with 2","The results show cadence=2 (F/N) is effective with 3 layers and 2 loops, but we should explore if in"
2026-03-22T02:39:31.666216,qwen_007,2.5117,2,0,3,4,0.0005,1.0,2,0,,,,,,,"The results show cadence=2 (F/N) is most effective with 3 layers and 3 loops, but we should explore if increasing loops to 4 with the same cadence improves performance while maintaining the beneficial","The results show cadence=2 (F/N) is most effective with 3 layers and 3 loops, but we should explore "
2026-03-22T02:42:18.223414,qwen_008,2.5621,2,0,3,4,0.0005,1.0,3,0,,,,,,,"Based on the results, cadence=2 (F/N) shows clear effectiveness with 3 layers and 3 loops being optimal. The recent experiment with 3 layers and 4 loops showed improvement over 3x3, suggesting we shou","Based on the results, cadence=2 (F/N) shows clear effectiveness with 3 layers and 3 loops being opti"
2026-03-22T02:45:05.078142,qwen_009,2.4499,2,0,3,4,0.001,1.0,3,0,,,,,,,"Based on the results showing cadence=2 (F/N) is most effective, and the best performance at 3 layers with 4 loops and mlp_mult=3, I should explore the promising region of higher loops with mlp_mult=3 ","Based on the results showing cadence=2 (F/N) is most effective, and the best performance at 3 layers"
2026-03-22T02:48:30.069668,qwen_010,2.5306,2,0,3,5,0.001,3.0,3,0,,,,,,,"Based on the results, cadence=2 (F/N) is clearly most effective with 3 layers being optimal. The best performance was achieved with 3 layers and 4 loops, but we should explore if increasing loops furt","Based on the results, cadence=2 (F/N) is clearly most effective with 3 layers being optimal. The bes"
2026-03-22T02:51:53.428435,qwen_011,2.5605,2,0,3,5,0.001,5.0,3,0,,,,,,,"Based on the results, cadence=2 (F/N) is clearly most effective with 3 layers being optimal. The best performance shows 3 layers with 4 loops and cadence=2, but we should explore if increasing loops b","Based on the results, cadence=2 (F/N) is clearly most effective with 3 layers being optimal. The bes"
2026-03-22T02:56:06.060564,qwen_012,2.6235,2,0,4,5,0.001,5.0,3,0,,,,,,,"Based on the results showing cadence=2 (F/N) is most effective and 3 layers with 5 loops gave the best performance so far, I'll try increasing to 4 unique layers with 5 loops to see if the additional ",Based on the results showing cadence=2 (F/N) is most effective and 3 layers with 5 loops gave the be
2026-03-22T02:59:33.738726,qwen_013,2.5841,2,0,4,4,0.0015,3.0,3,0,,,,,,,"Based on the results showing cadence=2 (F/N) is most effective and 3 layers with 4 loops gave the best performance, I'm proposing to explore 4 layers with 4 loops at a higher learning rate to see if w",Based on the results showing cadence=2 (F/N) is most effective and 3 layers with 4 loops gave the be
2026-03-22T03:03:01.252143,qwen_014,2.9248,2,0,4,4,0.002,3.0,3,0,,,,,,,"Based on the results showing cadence=2 (F/N) is most effective and 3 layers with 4 loops gave the best performance, I should explore the 4-layer configuration with 4 loops but with a different learnin",Based on the results showing cadence=2 (F/N) is most effective and 3 layers with 4 loops gave the be
2026-03-22T03:07:11.334335,qwen_015,2.5889,2,0,4,5,0.0015,3.0,3,0,,,,,,,"Based on the results showing cadence=2 (F/N) is most effective and 3 layers with 4 loops gave the best performance, I should explore the 4-layer configuration with higher loops (5) to see if deeper ef",Based on the results showing cadence=2 (F/N) is most effective and 3 layers with 4 loops gave the be
2026-03-22T03:10:38.812471,qwen_016,2.6172,2,0,4,4,0.002,3.0,3,0,,,,,,,"Based on the results showing cadence=2 (F/N) is most effective and 3 layers with 4 loops gave the best performance, I'm exploring a configuration with 4 layers and 4 loops but with a higher learning r",Based on the results showing cadence=2 (F/N) is most effective and 3 layers with 4 loops gave the be
2026-03-22T03:13:55.629274,qwen_017,2.5463,2,0,3,5,0.0015,3.0,3,0,,,,,,,"Based on the results, cadence=2 (F/N) is clearly most effective with 3 layers being optimal. The best performance was achieved with 3 layers and 4 loops, but we should explore if increasing loops to 5","Based on the results, cadence=2 (F/N) is clearly most effective with 3 layers being optimal. The bes"
2026-03-22T03:17:23.262748,qwen_018,2.6181,2,0,4,4,0.001,3.0,3,0,,,,,,,"Based on the results showing cadence=2 (F/N) is most effective and 3 layers with 5 loops gave the best performance so far, I should explore the boundary of this region. The highest performing configs ",Based on the results showing cadence=2 (F/N) is most effective and 3 layers with 5 loops gave the be
2026-03-22T03:20:50.422489,qwen_019,2.662,2,0,4,4,0.0015,3.0,3,0,,,,,,,"Based on the results showing cadence=2 (F/N) is most effective and 3 layers with 4 loops gave the best performance, I'm exploring a configuration with 4 layers and 4 loops but with a higher learning r",Based on the results showing cadence=2 (F/N) is most effective and 3 layers with 4 loops gave the be
2026-03-22T03:24:18.245831,qwen_020,2.5231,2,0,4,4,0.001,3.0,3,0,,,,,,,"Based on the results showing cadence=2 (F/N) is most effective and 3 layers with 4 loops gave the best performance, I should explore the 4-layer configuration with 4 loops but adjust the learning rate",Based on the results showing cadence=2 (F/N) is most effective and 3 layers with 4 loops gave the be
2026-03-22T03:28:30.762467,qwen_021,2.5957,2,0,4,5,0.001,3.0,3,0,,,,,,,"Based on the results showing cadence=2 (F/N) is most effective and 3 layers with 4 loops gave the best performance, I should explore the 4-layer configuration with higher loops (5) to see if the incre",Based on the results showing cadence=2 (F/N) is most effective and 3 layers with 4 loops gave the be
2026-03-22T03:31:47.359748,qwen_022,2.4921,2,0,3,5,0.0015,3.0,3,0,,,,,,,"Based on the results, cadence=2 (F/N) is clearly most effective with 3 layers being optimal. The best performance was achieved with 3 layers and 4 loops, but we should explore if increasing loops to 5","Based on the results, cadence=2 (F/N) is clearly most effective with 3 layers being optimal. The bes"
2026-03-22T03:35:04.506355,qwen_023,2.4944,2,0,3,5,0.0015,3.0,3,0,,,,,,,"Based on the results, cadence=2 (F/N) is clearly most effective with 3 layers being optimal. The best performance was achieved with 3 layers and 4 loops, but we should explore if increasing loops to 5","Based on the results, cadence=2 (F/N) is clearly most effective with 3 layers being optimal. The bes"
2026-03-22T03:38:21.889321,qwen_024,2.438,2,0,3,5,0.002,4.0,3,0,,,,,,,"Based on the results showing cadence=2 (F/N) is most effective with 3 layers being optimal, I should explore the 3-layer, 5-loop configuration with different learning rates and gradient clipping to re","Based on the results showing cadence=2 (F/N) is most effective with 3 layers being optimal, I should"
2026-03-22T03:41:39.046040,qwen_025,2.5061,2,0,3,5,0.0015,5.0,3,0,,,,,,,"The results consistently show cadence=2 (F/N) is most effective with 3 layers being optimal. The best performing config used 3 layers with 5 loops, but we should explore if increasing loops beyond 5 w",The results consistently show cadence=2 (F/N) is most effective with 3 layers being optimal. The bes
2026-03-22T03:44:56.065214,qwen_026,2.5321,2,0,3,5,0.001,5.0,3,0,,,,,,,"Based on the results showing cadence=2 (F/N) is most effective with 3 layers being optimal, and the best performance at 5 loops with high gradient clipping, I should explore a configuration with 3 lay","Based on the results showing cadence=2 (F/N) is most effective with 3 layers being optimal, and the "
2026-03-22T03:48:12.923821,qwen_027,2.5161,2,0,3,5,0.001,5.0,3,0,,,,,,,"Based on the results, cadence=2 (F/N) is clearly most effective with 3 layers being optimal. The best performance was achieved with 5 loops and high gradient clipping (5.0). However, we should explore","Based on the results, cadence=2 (F/N) is clearly most effective with 3 layers being optimal. The bes"
2026-03-22T03:50:59.129233,qwen_028,2.4242,2,0,3,4,0.002,5.0,3,0,,,,,,,"Based on the results showing cadence=2 (F/N) is most effective with 3 layers being optimal, and the best performance at 3 layers with 4 loops, I should explore a configuration with 3 layers and 4 loop","Based on the results showing cadence=2 (F/N) is most effective with 3 layers being optimal, and the "
2026-03-22T03:54:16.362246,qwen_029,2.4349,2,0,3,5,0.002,5.0,3,0,,,,,,,"The results consistently show cadence=2 (F/N) is most effective with 3 layers being optimal. The best performance was achieved with 3 layers and 4 loops, but we should explore if increasing loops to 5",The results consistently show cadence=2 (F/N) is most effective with 3 layers being optimal. The bes
2026-03-22T03:57:34.421521,qwen_030,2.5254,2,0,3,5,0.001,5.0,3,0,,,,,,,"Based on the results showing cadence=2 (F/N) is most effective with 3 layers being optimal, and the best performance at 5 loops with high learning rate and gradient clip, I should explore a configurat","Based on the results showing cadence=2 (F/N) is most effective with 3 layers being optimal, and the "
2026-03-22T04:00:51.416225,qwen_031,2.4309,2,0,3,5,0.002,5.0,3,0,,,,,,,"Based on the consistent performance of cadence=2 (F/N) with 3 layers and the trend showing that 5 loops with high gradient clipping performs well, I should explore increasing the learning rate to 2e-3",Based on the consistent performance of cadence=2 (F/N) with 3 layers and the trend showing that 5 lo
2026-03-22T04:04:08.400116,qwen_032,2.4313,2,0,3,5,0.002,5.0,3,0,,,,,,,"Based on the strong performance of cadence=2 (F/N) with 3 layers and 5 loops in the best results, I should explore increasing the MLP expansion factor to 3 while maintaining the proven effective confi","Based on the strong performance of cadence=2 (F/N) with 3 layers and 5 loops in the best results, I "
2026-03-22T04:07:25.362831,qwen_033,2.4456,2,0,3,5,0.002,5.0,3,0,,,,,,,"Based on the consistent performance of cadence=2 (F/N) with 3 layers and 5 loops, I should explore increasing the MLP expansion factor to 3 while maintaining the proven effective configuration. This a","Based on the consistent performance of cadence=2 (F/N) with 3 layers and 5 loops, I should explore i"
2026-03-22T04:10:42.211775,qwen_034,2.438,2,0,3,5,0.002,5.0,3,0,,,,,,,"Based on the strong performance of cadence=2 (F/N) with 3 layers and 5 loops, I should explore increasing the MLP expansion factor to 3 while maintaining the proven cadence pattern. This allows us to ","Based on the strong performance of cadence=2 (F/N) with 3 layers and 5 loops, I should explore incre"
2026-03-22T04:13:58.928572,qwen_035,2.4331,2,0,3,5,0.002,5.0,3,0,,,,,,,"Based on the consistent superior performance of cadence=2 (F/N) with 3 layers and 5 loops, I should explore increasing the MLP expansion factor to 3 while maintaining the proven architecture. This wil","Based on the consistent superior performance of cadence=2 (F/N) with 3 layers and 5 loops, I should "
2026-03-22T04:17:15.873745,qwen_036,2.4431,2,0,3,5,0.002,5.0,3,0,,,,,,,"Based on the consistent superior performance of cadence=2 (F/N) with 3 layers and 5 loops, I should explore increasing the MLP expansion factor to 3 while maintaining the proven effective configuratio","Based on the consistent superior performance of cadence=2 (F/N) with 3 layers and 5 loops, I should "
2026-03-22T04:20:32.638196,qwen_037,2.4463,2,0,3,5,0.002,5.0,3,0,,,,,,,"Based on the consistent superior performance of cadence=2 (F/N) with 3 layers and 5 loops, I should explore increasing the MLP expansion factor to 3 while maintaining the proven effective configuratio","Based on the consistent superior performance of cadence=2 (F/N) with 3 layers and 5 loops, I should "
2026-03-22T04:23:51.309578,qwen_038,2.4297,2,0,3,5,0.002,5.0,3,0,,,,,,,"Based on the consistent superior performance of cadence=2 (F/N) with 3 layers and 5 loops, I should explore increasing the MLP expansion factor to 3 while maintaining the proven configuration. This wi","Based on the consistent superior performance of cadence=2 (F/N) with 3 layers and 5 loops, I should "
2026-03-22T04:27:08.307698,qwen_039,2.4336,2,0,3,5,0.002,5.0,3,0,,,,,,,"Based on the consistent superior performance of cadence=2 (F/N) with 3 layers and 5 loops, I should explore increasing the MLP expansion factor to 3 while maintaining the proven effective configuratio","Based on the consistent superior performance of cadence=2 (F/N) with 3 layers and 5 loops, I should "
2026-03-22T04:30:25.527175,qwen_040,2.4358,2,0,3,5,0.002,5.0,3,0,,,,,,,"Based on the consistent superior performance of cadence=2 (F/N) with 3 layers and 5 loops, I should explore increasing the MLP expansion factor to 3 while maintaining the proven effective configuratio","Based on the consistent superior performance of cadence=2 (F/N) with 3 layers and 5 loops, I should "
2026-03-22T04:33:42.359908,qwen_041,2.4446,2,0,3,5,0.002,5.0,3,0,,,,,,,"The results consistently show cadence=2 (F/N) is most effective with 3 layers being optimal. The best performance occurs with 5 loops, but we should explore if increasing to 6 loops with the same cade",The results consistently show cadence=2 (F/N) is most effective with 3 layers being optimal. The bes
2026-03-22T04:36:59.275843,qwen_042,2.4386,2,0,3,5,0.002,5.0,3,0,,,,,,,"Based on the consistent superior performance of cadence=2 (F/N) with 3 layers and 5 loops, I should explore increasing the MLP expansion factor to 3 while maintaining the proven configuration. This al","Based on the consistent superior performance of cadence=2 (F/N) with 3 layers and 5 loops, I should "
2026-03-22T04:40:15.996514,qwen_043,2.444,2,0,3,5,0.002,5.0,3,0,,,,,,,"Based on the consistent superior performance of cadence=2 (F/N) with 3 layers and 5 loops, I should explore increasing the MLP expansion factor to 3 while maintaining the proven effective configuratio","Based on the consistent superior performance of cadence=2 (F/N) with 3 layers and 5 loops, I should "
2026-03-22T04:43:33.342635,qwen_044,2.4449,2,0,3,5,0.002,5.0,3,0,,,,,,,"Based on the consistent superior performance of cadence=2 (F/N) with 3 layers and 5 loops, I should explore increasing the MLP expansion factor to 3 while maintaining the proven effective configuratio","Based on the consistent superior performance of cadence=2 (F/N) with 3 layers and 5 loops, I should "
2026-03-22T04:46:50.031272,qwen_045,2.4348,2,0,3,5,0.002,5.0,3,0,,,,,,,"Based on the consistent superior performance of cadence=2 (F/N) with 3 layers and 5 loops, I should explore increasing the MLP expansion factor to 3 while maintaining the proven architecture. This wil","Based on the consistent superior performance of cadence=2 (F/N) with 3 layers and 5 loops, I should "
2026-03-22T04:50:07.072635,qwen_046,2.457,2,0,3,5,0.002,5.0,3,0,,,,,,,"Based on the consistent superior performance of cadence=2 (F/N) with 3 layers and 5 loops, I should explore increasing the MLP expansion factor to 3 while maintaining the proven architecture. This wil","Based on the consistent superior performance of cadence=2 (F/N) with 3 layers and 5 loops, I should "
2026-03-22T04:53:24.098943,qwen_047,2.4301,2,0,3,5,0.002,5.0,3,0,,,,,,,"Based on the consistent superior performance of cadence=2 (F/N) with 3 layers and 5 loops, I should explore increasing the MLP expansion factor to 3 while maintaining the proven architecture. This wil","Based on the consistent superior performance of cadence=2 (F/N) with 3 layers and 5 loops, I should "
2026-03-22T04:56:41.298501,qwen_048,2.4497,2,0,3,5,0.002,5.0,3,0,,,,,,,"The results consistently show cadence=2 (F/N) is most effective with 3 layers being optimal. The best performance occurs with 5 loops, but we should explore if increasing to 6 loops with the same cade",The results consistently show cadence=2 (F/N) is most effective with 3 layers being optimal. The bes
2026-03-22T04:59:58.045230,qwen_049,2.4237,2,0,3,5,0.002,5.0,3,0,,,,,,,"Based on the consistent superior performance of cadence=2 (F/N) with 3 layers and 5 loops, I should explore increasing the MLP expansion factor to 3 while maintaining the proven configuration. This al","Based on the consistent superior performance of cadence=2 (F/N) with 3 layers and 5 loops, I should "
2026-03-22T05:03:16.107241,qwen_050,2.8222,2,0,3,5,0.0025,5.0,3,0,,,,,,,"The results consistently show cadence=2 (F/N) is most effective with 3 layers and 5 loops performing best. However, the highest performing config (2.4237) used lr=0.002 with clip=5.0. I should explore",The results consistently show cadence=2 (F/N) is most effective with 3 layers and 5 loops performing
2026-03-22T05:06:32.385026,qwen_051,2.4307,2,0,3,5,0.002,5.0,3,0,,,,,,,"Based on the consistent superior performance of cadence=2 (F/N) with 3 layers and 5 loops, I should explore increasing the MLP expansion factor to 3 while maintaining the proven effective configuratio","Based on the consistent superior performance of cadence=2 (F/N) with 3 layers and 5 loops, I should "
2026-03-22T05:09:49.832972,qwen_052,2.4512,2,0,3,5,0.002,5.0,3,0,,,,,,,"The results consistently show cadence=2 (F/N) is most effective with 3 layers and 5 loops performing best. However, I should explore if increasing the learning rate to 2e-3 with higher gradient clippi",The results consistently show cadence=2 (F/N) is most effective with 3 layers and 5 loops performing
2026-03-22T05:13:08.595010,qwen_053,2.5125,2,0,3,5,0.0015,5.0,3,0,,,,,,,"The results consistently show cadence=2 (F/N) is most effective with 3 layers and 5 loops performing best. However, the experiments suggest we should explore increasing the MLP expansion factor to 3 f",The results consistently show cadence=2 (F/N) is most effective with 3 layers and 5 loops performing
2026-03-22T05:17:21.470763,qwen_054,2.6339,2,0,4,5,0.0015,5.0,3,0,,,,,,,"Based on the consistent superior performance of cadence=2 (F/N) with 3 layers and 5 loops, I should explore increasing the number of unique layers to 4 while maintaining the proven cadence=2 pattern. ","Based on the consistent superior performance of cadence=2 (F/N) with 3 layers and 5 loops, I should "
2026-03-22T05:21:32.754094,qwen_055,2.5439,2,0,4,5,0.0015,5.0,3,0,,,,,,,"Based on the consistent superior performance of cadence=2 (F/N) with 3 layers and 5 loops, I should explore increasing the number of unique layers to 4 while maintaining the proven effective loop coun","Based on the consistent superior performance of cadence=2 (F/N) with 3 layers and 5 loops, I should "
2026-03-22T05:25:44.366728,qwen_056,2.7029,2,0,4,5,0.0015,5.0,3,0,,,,,,,"Based on the consistent superior performance of cadence=2 (F/N) with 3 layers and 5 loops, I should explore increasing the number of unique layers to 4 while maintaining the proven cadence=2 pattern. ","Based on the consistent superior performance of cadence=2 (F/N) with 3 layers and 5 loops, I should "
2026-03-22T05:29:55.365459,qwen_057,2.5779,2,0,4,5,0.0015,5.0,3,0,,,,,,,"Based on the consistent superior performance of cadence=2 (F/N) with 3 layers and 5 loops, I should explore increasing the number of unique layers to 4 while maintaining the successful loop count and ","Based on the consistent superior performance of cadence=2 (F/N) with 3 layers and 5 loops, I should "
2026-03-22T05:34:06.739037,qwen_058,2.5672,2,0,4,5,0.0015,5.0,3,0,,,,,,,"Based on the consistent superior performance of cadence=2 (F/N) with 3 layers and 5 loops, I should explore increasing the number of unique layers to 4 while maintaining the proven cadence pattern. Th","Based on the consistent superior performance of cadence=2 (F/N) with 3 layers and 5 loops, I should "
2026-03-22T05:38:16.121971,qwen_059,2.5782,2,0,4,5,0.0015,5.0,3,0,,,,,,,"Based on the consistent superior performance of cadence=2 (F/N) with 3 layers and 5 loops, I should explore increasing the number of unique layers to 4 while maintaining the successful loop count and ","Based on the consistent superior performance of cadence=2 (F/N) with 3 layers and 5 loops, I should "
2026-03-22T05:42:24.678305,qwen_060,2.689,2,0,4,5,0.0015,5.0,3,0,,,,,,,"Based on the consistent superior performance of cadence=2 (F/N) with 3 layers and 5 loops, I should explore increasing the number of unique layers to 4 while maintaining the proven effective loop coun","Based on the consistent superior performance of cadence=2 (F/N) with 3 layers and 5 loops, I should "
2026-03-22T05:46:33.941602,qwen_061,2.5768,2,0,4,5,0.0015,5.0,3,0,,,,,,,"Based on the consistent superior performance of cadence=2 (F/N) with 3 layers and 5 loops, I should explore increasing the number of unique layers to 4 while maintaining the proven cadence=2 pattern. ","Based on the consistent superior performance of cadence=2 (F/N) with 3 layers and 5 loops, I should "
2026-03-22T05:50:42.141941,qwen_062,2.6124,2,0,4,5,0.0015,5.0,3,0,,,,,,,"Based on the consistent superior performance of cadence=2 (F/N) with 3 layers and 5 loops, I should explore increasing the number of unique layers to 4 while maintaining the proven cadence=2 pattern. ","Based on the consistent superior performance of cadence=2 (F/N) with 3 layers and 5 loops, I should "
2026-03-22T05:54:51.392671,qwen_063,2.5656,2,0,4,5,0.0015,5.0,3,0,,,,,,,"Based on the consistent superior performance of cadence=2 (F/N) with 3 layers and 5 loops, I should explore increasing the number of unique layers to 4 while maintaining the proven cadence=2 pattern. ","Based on the consistent superior performance of cadence=2 (F/N) with 3 layers and 5 loops, I should "
2026-03-22T05:58:59.690682,qwen_064,2.5426,2,0,4,5,0.002,5.0,3,0,,,,,,,"Based on the consistent superior performance of cadence=2 (F/N) with 3 layers and 5 loops, I should explore increasing the number of unique layers to 4 while maintaining the proven effective loop stru","Based on the consistent superior performance of cadence=2 (F/N) with 3 layers and 5 loops, I should "
2026-03-22T06:03:08.355100,qwen_065,2.688,2,0,4,5,0.002,5.0,3,0,,,,,,,"Based on the consistent superior performance of cadence=2 (F/N) with 3 layers and 5 loops, I should explore increasing the number of unique layers to 4 while maintaining the proven cadence=2 pattern. ","Based on the consistent superior performance of cadence=2 (F/N) with 3 layers and 5 loops, I should "
2026-03-22T06:07:15.965652,qwen_066,2.5556,2,0,4,5,0.002,5.0,3,0,,,,,,,"Based on the consistent superior performance of cadence=2 (F/N) with 3 layers and 5 loops, I should explore increasing the number of unique layers to 4 while maintaining the proven cadence=2 pattern. ","Based on the consistent superior performance of cadence=2 (F/N) with 3 layers and 5 loops, I should "
2026-03-22T06:11:23.268810,qwen_067,2.5773,2,0,4,5,0.002,5.0,3,0,,,,,,,"Based on the consistent superior performance of cadence=2 (F/N) with 3 layers and 5 loops, I should explore increasing the number of unique layers to 4 while maintaining the successful loop count and ","Based on the consistent superior performance of cadence=2 (F/N) with 3 layers and 5 loops, I should "
2026-03-22T06:15:30.785344,qwen_068,2.5744,2,0,4,5,0.002,5.0,3,0,,,,,,,"Based on the consistent superior performance of cadence=2 (F/N) with 3 layers and 5 loops, I should explore increasing the number of unique layers to 4 while maintaining the proven cadence=2 pattern. ","Based on the consistent superior performance of cadence=2 (F/N) with 3 layers and 5 loops, I should "
2026-03-22T06:19:38.342996,qwen_069,2.567,2,0,4,5,0.002,5.0,3,0,,,,,,,"Based on the consistent superior performance of cadence=2 (F/N) with 3 layers and 5 loops, I should explore increasing the number of unique layers to 4 while maintaining the successful loop count and ","Based on the consistent superior performance of cadence=2 (F/N) with 3 layers and 5 loops, I should "
2026-03-22T06:23:45.691513,qwen_070,2.5749,2,0,4,5,0.001,3.0,3,0,,,,,,,"Based on the consistent superior performance of cadence=2 (F/N) with 3 layers and 5 loops, I should explore increasing the number of unique layers to 4 while maintaining the proven cadence=2 pattern. ","Based on the consistent superior performance of cadence=2 (F/N) with 3 layers and 5 loops, I should "
2026-03-22T06:27:53.132765,qwen_071,2.5706,2,0,4,5,0.002,5.0,3,0,,,,,,,"Based on the consistent superior performance of cadence=2 (F/N) with 3 layers and 5 loops, I should explore increasing the number of unique layers to 4 while maintaining the proven cadence=2 pattern. ","Based on the consistent superior performance of cadence=2 (F/N) with 3 layers and 5 loops, I should "
2026-03-22T06:32:00.571355,qwen_072,2.5728,2,0,4,5,0.0015,5.0,3,0,,,,,,,"Based on the consistent superior performance of cadence=2 (F/N) with 3 layers and 5 loops, I should explore increasing the number of unique layers to 4 while maintaining the proven cadence=2 pattern. ","Based on the consistent superior performance of cadence=2 (F/N) with 3 layers and 5 loops, I should "
2026-03-22T06:36:08.125682,qwen_073,2.6122,2,0,4,5,0.0015,5.0,3,0,,,,,,,"Based on the consistent superior performance of cadence=2 (F/N) with 3 layers and 5 loops, I should explore increasing the number of unique layers to 4 while maintaining the proven cadence=2 pattern. ","Based on the consistent superior performance of cadence=2 (F/N) with 3 layers and 5 loops, I should "
2026-03-22T06:40:15.708428,qwen_074,2.6663,2,0,4,5,0.002,5.0,3,0,,,,,,,"Based on the consistent superior performance of cadence=2 (F/N) with 3 layers and 5 loops, I should explore increasing the number of unique layers to 4 while maintaining the proven effective configura","Based on the consistent superior performance of cadence=2 (F/N) with 3 layers and 5 loops, I should "
2026-03-22T06:44:23.078566,qwen_075,2.5944,2,0,4,5,0.002,5.0,3,0,,,,,,,"Based on the consistent superior performance of cadence=2 (F/N) with 3 layers and 5 loops, I should explore increasing the number of unique layers to 4 while maintaining the successful loop count and ","Based on the consistent superior performance of cadence=2 (F/N) with 3 layers and 5 loops, I should "
2026-03-22T06:48:30.655736,qwen_076,2.6031,2,0,4,5,0.002,5.0,3,0,,,,,,,"Based on the consistent superior performance of cadence=2 (F/N) with 3 layers and 5 loops, I should explore increasing the number of unique layers to 4 while maintaining the proven cadence=2 pattern. ","Based on the consistent superior performance of cadence=2 (F/N) with 3 layers and 5 loops, I should "
2026-03-22T06:52:38.254851,qwen_077,2.4996,2,0,4,5,0.002,5.0,3,0,,,,,,,"Based on the consistent superior performance of cadence=2 (F/N) with 3 layers and 5 loops, I should explore increasing the number of unique layers to 4 while maintaining the successful loop count and ","Based on the consistent superior performance of cadence=2 (F/N) with 3 layers and 5 loops, I should "
2026-03-22T06:56:45.542136,qwen_078,2.6637,2,0,4,5,0.002,5.0,3,0,,,,,,,"Based on the consistent superior performance of cadence=2 (F/N) with 3 layers and 5 loops, I should explore increasing the number of unique layers to 4 while maintaining the proven effective configura","Based on the consistent superior performance of cadence=2 (F/N) with 3 layers and 5 loops, I should "
2026-03-22T07:00:52.781222,qwen_079,2.7031,2,0,4,5,0.002,5.0,3,0,,,,,,,"Based on the consistent superior performance of cadence=2 (F/N) with 3 layers and 5 loops, I should explore increasing the number of unique layers to 4 while maintaining the proven cadence and loop co","Based on the consistent superior performance of cadence=2 (F/N) with 3 layers and 5 loops, I should "
2026-03-22T07:05:00.147463,qwen_080,2.6679,2,0,4,5,0.002,5.0,3,0,,,,,,,"Based on the consistent superior performance of cadence=2 (F/N) with 3 layers and 5 loops, I should explore increasing the number of unique layers to 4 while maintaining the successful loop count and ","Based on the consistent superior performance of cadence=2 (F/N) with 3 layers and 5 loops, I should "
2026-03-22T07:08:16.718323,qwen_081,2.4286,2,0,3,5,0.002,5.0,3,0,,,,,,,"Based on the consistent superior performance of cadence=2 (F/N) with 3 layers and 5 loops, I should explore the impact of increasing loops to 6 while maintaining the proven cadence pattern. This will ","Based on the consistent superior performance of cadence=2 (F/N) with 3 layers and 5 loops, I should "
2026-03-22T07:12:24.804243,qwen_082,2.7432,2,0,4,5,0.002,5.0,3,0,,,,,,,"The results consistently show cadence=2 (F/N) is most effective with 3 layers and 5 loops performing best. To explore potentially better configurations, I should try increasing the number of unique la",The results consistently show cadence=2 (F/N) is most effective with 3 layers and 5 loops performing
2026-03-22T07:16:32.373959,qwen_083,2.5597,2,0,4,5,0.002,5.0,3,0,,,,,,,"Based on the consistent superior performance of cadence=2 (F/N) with 3 layers and 5 loops, I should explore increasing the number of unique layers to 4 while maintaining the proven cadence pattern. Th","Based on the consistent superior performance of cadence=2 (F/N) with 3 layers and 5 loops, I should "
2026-03-22T07:20:39.824376,qwen_084,2.5802,2,0,4,5,0.0015,5.0,3,0,,,,,,,"Based on the consistent superior performance of cadence=2 (F/N) with 3 layers and 5 loops, I should explore increasing the number of unique layers to 4 while maintaining the proven cadence=2 pattern. ","Based on the consistent superior performance of cadence=2 (F/N) with 3 layers and 5 loops, I should "
2026-03-22T07:24:47.639182,qwen_085,2.5925,2,0,4,5,0.0015,5.0,3,0,,,,,,,"Based on the consistent superior performance of cadence=2 (F/N) with 3 layers and 5 loops, I should explore increasing the number of unique layers to 4 while maintaining the proven cadence=2 pattern. ","Based on the consistent superior performance of cadence=2 (F/N) with 3 layers and 5 loops, I should "
2026-03-22T07:28:55.223532,qwen_086,2.6025,2,0,4,5,0.0015,5.0,3,0,,,,,,,"Based on the consistent superior performance of cadence=2 (F/N) with 3 layers and 5 loops, I should explore increasing the number of unique layers to 4 while maintaining the proven cadence=2 pattern. ","Based on the consistent superior performance of cadence=2 (F/N) with 3 layers and 5 loops, I should "
2026-03-22T07:33:02.834605,qwen_087,2.5868,2,0,4,5,0.0015,5.0,3,0,,,,,,,"Based on the consistent superior performance of cadence=2 (F/N) with 3 layers and 5 loops, I should explore increasing the number of unique layers to 4 while maintaining the proven cadence=2 pattern. ","Based on the consistent superior performance of cadence=2 (F/N) with 3 layers and 5 loops, I should "
2026-03-22T07:37:10.716300,qwen_088,2.6124,2,0,4,5,0.0015,5.0,3,0,,,,,,,"Based on the consistent superior performance of cadence=2 (F/N) with 3 layers and 5 loops, I should explore increasing the number of unique layers to 4 while maintaining the proven cadence=2 pattern. ","Based on the consistent superior performance of cadence=2 (F/N) with 3 layers and 5 loops, I should "
2026-03-22T07:41:17.928639,qwen_089,2.6644,2,0,4,5,0.0015,5.0,3,0,,,,,,,"Based on the consistent superior performance of cadence=2 (F/N) with 3 layers and 5 loops, I should explore increasing the number of unique layers to 4 while maintaining the proven cadence=2 pattern. ","Based on the consistent superior performance of cadence=2 (F/N) with 3 layers and 5 loops, I should "
2026-03-22T07:44:05.756663,qwen_090,2.5662,2,0,4,3,0.0015,5.0,3,0,,,,,,,"Based on the consistent superior performance of cadence=2 (F/N) with 3 layers and 5 loops, I should explore increasing the number of unique layers to 4 while maintaining the proven cadence pattern. Th","Based on the consistent superior performance of cadence=2 (F/N) with 3 layers and 5 loops, I should "
2026-03-22T07:48:13.510693,qwen_091,2.6186,2,0,4,5,0.0015,5.0,3,0,,,,,,,"Based on the consistent superior performance of cadence=2 (F/N) with 3 layers and 5 loops, I should explore increasing the number of unique layers to 4 while maintaining the proven cadence pattern. Th","Based on the consistent superior performance of cadence=2 (F/N) with 3 layers and 5 loops, I should "
2026-03-22T07:52:21.497098,qwen_092,2.6653,2,0,4,5,0.0015,5.0,3,0,,,,,,,"Based on the consistent superior performance of cadence=2 (F/N) with 3 layers and 5 loops, I should explore increasing the number of unique layers to 4 while maintaining the proven cadence=2 pattern. ","Based on the consistent superior performance of cadence=2 (F/N) with 3 layers and 5 loops, I should "
2026-03-22T07:55:37.694131,qwen_093,2.4311,2,0,3,5,0.002,5.0,3,0,,,,,,,"Based on the consistent superior performance of cadence=2 (F/N) with 3 layers and 5 loops, I should explore the impact of increasing loops to 6 while maintaining the proven cadence pattern. This will ","Based on the consistent superior performance of cadence=2 (F/N) with 3 layers and 5 loops, I should "
2026-03-22T07:58:55.222337,qwen_094,2.5268,2,0,3,5,0.0015,5.0,3,0,,,,,,,"The results consistently show cadence=2 (F/N) is most effective with 3 layers and 5 loops performing best. To explore if we can improve upon this strong baseline, I should try increasing the learning ",The results consistently show cadence=2 (F/N) is most effective with 3 layers and 5 loops performing
2026-03-22T08:02:11.311844,qwen_095,2.4421,2,0,3,5,0.002,5.0,3,0,,,,,,,"Based on the consistent superior performance of cadence=2 (F/N) with 3 layers and 5 loops, I should explore increasing the MLP expansion factor to 3 while maintaining the proven architecture. This wil","Based on the consistent superior performance of cadence=2 (F/N) with 3 layers and 5 loops, I should "
2026-03-22T08:05:28.257147,qwen_096,2.5335,2,0,3,5,0.0015,5.0,3,0,,,,,,,"The results consistently show cadence=2 (F/N) is most effective with 3 layers and 5 loops performing best. To explore if we can improve upon this strong baseline, I should try increasing the learning ",The results consistently show cadence=2 (F/N) is most effective with 3 layers and 5 loops performing
2026-03-22T08:08:44.339143,qwen_097,2.436,2,0,3,5,0.002,5.0,3,0,,,,,,,"Based on the consistent superior performance of cadence=2 (F/N) with 3 layers and 5 loops, I should explore increasing the MLP expansion factor to 3 while maintaining the proven cadence and layer conf","Based on the consistent superior performance of cadence=2 (F/N) with 3 layers and 5 loops, I should "
2026-03-22T08:12:01.952966,qwen_098,2.5268,2,0,3,5,0.001,5.0,3,0,,,,,,,"The results consistently show that cadence=2 (F/N) with 3 layers and 5 loops performs best, with the highest validation BPB values being around 2.4237-2.436. The gradient clipping needs to be high (5.","The results consistently show that cadence=2 (F/N) with 3 layers and 5 loops performs best, with the"
2026-03-22T08:15:18.110459,qwen_099,2.4395,2,0,3,5,0.002,5.0,3,0,,,,,,,"Based on the consistent superior performance of cadence=2 (F/N) with 3 layers and 5 loops, I should explore increasing the MLP expansion factor to 3 while maintaining the proven effective configuratio","Based on the consistent superior performance of cadence=2 (F/N) with 3 layers and 5 loops, I should "
2026-03-22T08:18:35.290253,qwen_100,2.526,2,0,3,5,0.001,3.0,3,0,,,,,,,"The results consistently show cadence=2 (F/N) is most effective with 3 layers and 5 loops performing best. However, there's an opportunity to explore if increasing the learning rate to 1e-3 with a cor",The results consistently show cadence=2 (F/N) is most effective with 3 layers and 5 loops performing
2026-03-22T08:21:51.867934,qwen_101,2.5344,2,0,3,5,0.001,5.0,3,0,,,,,,,"Based on the consistent superior performance of cadence=2 (F/N) with 3 layers and 5 loops, I should explore increasing the learning rate to 1.0e-03 while maintaining the proven effective configuration","Based on the consistent superior performance of cadence=2 (F/N) with 3 layers and 5 loops, I should "
2026-03-22T08:25:08.356009,qwen_102,2.4373,2,0,3,5,0.002,5.0,3,0,,,,,,,"Based on the consistent superior performance of cadence=2 (F/N) with 3 layers and 5 loops, I should explore increasing the MLP expansion factor to 3 while maintaining the proven effective configuratio","Based on the consistent superior performance of cadence=2 (F/N) with 3 layers and 5 loops, I should "
2026-03-22T08:28:25.617249,qwen_103,2.4462,2,0,3,5,0.002,5.0,3,0,,,,,,,"The results consistently show cadence=2 (F/N) with 3 layers and 5 loops performs best, with gradient clipping at 5.0 and learning rate at 2e-3. To explore if we can improve upon this, I should try inc","The results consistently show cadence=2 (F/N) with 3 layers and 5 loops performs best, with gradient"
2026-03-22T08:32:33.283507,qwen_104,2.7313,2,0,4,5,0.002,5.0,3,0,,,,,,,"Based on the consistent superior performance of cadence=2 (F/N) with 3 layers and 5 loops, I should explore increasing the number of unique layers to 4 while maintaining the proven cadence=2 pattern. ","Based on the consistent superior performance of cadence=2 (F/N) with 3 layers and 5 loops, I should "
2026-03-22T08:35:49.907802,qwen_105,2.4182,2,0,3,5,0.002,5.0,3,0,,,,,,,"The results consistently show that cadence=2 (F/N) with 3 layers and 5 loops performs best, with gradient clipping of 5.0 being optimal. The recent experiment with 4 layers failed significantly, sugge","The results consistently show that cadence=2 (F/N) with 3 layers and 5 loops performs best, with gra"
2026-03-22T08:39:58.276043,qwen_106,2.6261,2,0,4,5,0.002,5.0,3,0,,,,,,,"Based on the consistent superior performance of cadence=2 (F/N) with 3 layers and 5 loops, I should explore increasing the number of unique layers to 4 while maintaining the proven loop configuration.","Based on the consistent superior performance of cadence=2 (F/N) with 3 layers and 5 loops, I should "
2026-03-22T08:43:15.248694,qwen_107,2.4084,2,0,2,5,0.002,5.0,3,0,,,,,,,"Based on the consistent superior performance of cadence=2 (F/N) with 3 layers and 5 loops, I should explore the impact of reducing layers to 2 while maintaining the successful loop count and cadence. ","Based on the consistent superior performance of cadence=2 (F/N) with 3 layers and 5 loops, I should "
2026-03-22T08:47:23.509927,qwen_108,2.5412,2,0,4,5,0.002,5.0,3,0,,,,,,,"The results consistently show that cadence=2 (F/N) with 3 layers and 5 loops performs best, with the lowest bpb=2.4084 achieved. To explore potentially better configurations while maintaining the prov","The results consistently show that cadence=2 (F/N) with 3 layers and 5 loops performs best, with the"
2026-03-22T08:51:31.036505,qwen_109,2.6132,2,0,4,5,0.002,5.0,3,0,,,,,,,"Based on the consistent superior performance of cadence=2 (F/N) with 3 layers and 5 loops, I should explore increasing the number of unique layers to 4 while maintaining the proven cadence=2 pattern. ","Based on the consistent superior performance of cadence=2 (F/N) with 3 layers and 5 loops, I should "
2026-03-22T08:55:38.940429,qwen_110,2.5016,2,0,4,5,0.002,4.0,3,0,,,,,,,"Based on the consistent superior performance of cadence=2 (F/N) with 3 layers and 5 loops, I should explore increasing the number of unique layers to 4 while maintaining the proven cadence and loop co","Based on the consistent superior performance of cadence=2 (F/N) with 3 layers and 5 loops, I should "
2026-03-22T08:59:46.703382,qwen_111,2.5645,2,0,4,5,0.002,5.0,3,0,,,,,,,"Based on the consistent superior performance of cadence=2 (F/N) with 3 layers and 5 loops, I should explore increasing the number of unique layers to 4 while maintaining the proven cadence=2 pattern. ","Based on the consistent superior performance of cadence=2 (F/N) with 3 layers and 5 loops, I should "
2026-03-22T09:03:54.153882,qwen_112,2.9472,2,0,4,5,0.002,5.0,3,0,,,,,,,"Based on the consistent superior performance of cadence=2 (F/N) with 3 layers and 5 loops, I should explore increasing the number of unique layers to 4 while maintaining the proven cadence and loop co","Based on the consistent superior performance of cadence=2 (F/N) with 3 layers and 5 loops, I should "
2026-03-22T09:08:01.809809,qwen_113,2.6474,2,0,4,5,0.002,5.0,3,0,,,,,,,"Based on the consistent superior performance of cadence=2 (F/N) with 3 layers and 5 loops, I should explore the impact of increasing layers to 4 while maintaining the proven cadence=2 pattern. This ma","Based on the consistent superior performance of cadence=2 (F/N) with 3 layers and 5 loops, I should "
2026-03-22T09:12:09.632920,qwen_114,2.7644,2,0,4,5,0.002,5.0,3,0,,,,,,,"Based on the consistent superior performance of cadence=2 (F/N) with 3 layers and 5 loops, I should explore the impact of increasing num_unique_layers to 4 while maintaining the proven cadence=2 patte","Based on the consistent superior performance of cadence=2 (F/N) with 3 layers and 5 loops, I should "
2026-03-22T09:15:27.221269,qwen_115,2.5138,2,0,2,5,0.002,5.0,3,0,,,,,,,"The results consistently show cadence=2 (F/N) with 3 layers and 5 loops performs best, with gradient clipping of 5.0 being optimal. The most recent experiment with 4 layers failed significantly, sugge","The results consistently show cadence=2 (F/N) with 3 layers and 5 loops performs best, with gradient"
2026-03-22T09:18:44.136132,qwen_116,2.4516,2,0,2,5,0.002,3.0,3,0,,,,,,,"Based on the consistent superior performance of cadence=2 (F/N) with 3 layers and 5 loops, I should explore the impact of gradient clipping on fractal training stability. The previous best results sho","Based on the consistent superior performance of cadence=2 (F/N) with 3 layers and 5 loops, I should "
2026-03-22T09:22:51.936951,qwen_117,2.6132,2,0,4,5,0.001,4.0,3,0,,,,,,,"Based on the consistent superior performance of cadence=2 (F/N) with 3 layers and 5 loops, I should explore increasing the number of unique layers to 4 while maintaining the proven loop configuration.","Based on the consistent superior performance of cadence=2 (F/N) with 3 layers and 5 loops, I should "
2026-03-22T09:26:59.636259,qwen_118,2.611,2,0,4,5,0.002,5.0,3,0,,,,,,,"Based on the consistent superior performance of cadence=2 (F/N) with 3 layers and 5 loops, I should explore the impact of increasing num_unique_layers to 4 while maintaining the proven effective loop ","Based on the consistent superior performance of cadence=2 (F/N) with 3 layers and 5 loops, I should "
2026-03-22T09:31:07.004109,qwen_119,2.5614,2,0,4,5,0.002,5.0,3,0,,,,,,,"Based on the consistent superior performance of cadence=2 (F/N) with 3 layers and 5 loops, I should explore increasing the number of unique layers to 4 while maintaining the proven cadence=2 pattern. ","Based on the consistent superior performance of cadence=2 (F/N) with 3 layers and 5 loops, I should "
2026-03-22T09:35:14.600940,qwen_120,2.4946,2,0,4,5,0.002,5.0,3,0,,,,,,,"Based on the consistent superior performance of cadence=2 (F/N) with 3 layers and 5 loops, I should explore increasing the number of unique layers to 4 while maintaining the proven cadence and loop co","Based on the consistent superior performance of cadence=2 (F/N) with 3 layers and 5 loops, I should "
2026-03-22T09:39:21.906696,qwen_121,2.5069,2,0,4,5,0.002,5.0,3,0,,,,,,,"Based on the consistent superior performance of cadence=2 (F/N) with 3 layers and 5 loops, I should explore the impact of increasing num_unique_layers to 4 while maintaining the proven cadence=2 patte","Based on the consistent superior performance of cadence=2 (F/N) with 3 layers and 5 loops, I should "
2026-03-22T09:43:29.279207,qwen_122,2.5232,2,0,4,5,0.002,5.0,3,0,,,,,,,"Based on the consistent superior performance of cadence=2 (F/N) with 3 layers and 5 loops, I should explore increasing the number of unique layers to 4 while maintaining the proven cadence=2 pattern. ","Based on the consistent superior performance of cadence=2 (F/N) with 3 layers and 5 loops, I should "
2026-03-22T09:46:45.959765,qwen_123,2.4534,2,0,2,5,0.002,5.0,3,0,,,,,,,"Based on the consistent superior performance of cadence=2 (F/N) with 3 layers and 5 loops, I should explore the impact of reducing layers to 2 while maintaining the successful loop count and cadence. ","Based on the consistent superior performance of cadence=2 (F/N) with 3 layers and 5 loops, I should "
2026-03-22T09:50:53.350120,qwen_124,2.7967,2,0,4,5,0.002,5.0,3,0,,,,,,,"Based on the consistent superior performance of cadence=2 (F/N) with 3 layers and 5 loops, I should explore increasing the number of unique layers to 4 while maintaining the proven loop configuration.","Based on the consistent superior performance of cadence=2 (F/N) with 3 layers and 5 loops, I should "
2026-03-22T09:55:00.649460,qwen_125,2.509,2,0,4,5,0.002,5.0,3,0,,,,,,,"Based on the consistent superior performance of cadence=2 (F/N) with 3 layers and 5 loops, I should explore increasing the number of unique layers to 4 while maintaining the proven cadence=2 pattern. ","Based on the consistent superior performance of cadence=2 (F/N) with 3 layers and 5 loops, I should "
2026-03-22T09:58:17.458978,qwen_126,2.4613,2,0,3,5,0.002,5.0,3,0,,,,,,,"The results consistently show cadence=2 (F/N) with 3 layers and 5 loops performs best, with gradient clipping at 5.0 being optimal. The most recent experiment with 4 layers failed to improve, suggesti","The results consistently show cadence=2 (F/N) with 3 layers and 5 loops performs best, with gradient"
2026-03-22T10:02:24.675798,qwen_127,2.6665,2,0,4,5,0.002,5.0,3,0,,,,,,,"The results consistently show that cadence=2 (F/N) with 3 layers and 5 loops performs best, with gradient clipping of 5.0 being optimal. To explore potentially better configurations, I should try incr","The results consistently show that cadence=2 (F/N) with 3 layers and 5 loops performs best, with gra"
2026-03-22T10:05:10.254051,qwen_128,2.4808,2,0,3,4,0.0015,5.0,3,0,,,,,,,"The results consistently show cadence=2 (F/N) with 3 layers and 5 loops performs best, with gradient clipping at 5.0 being optimal. The most recent experiment with 4 layers failed significantly, sugge","The results consistently show cadence=2 (F/N) with 3 layers and 5 loops performs best, with gradient"
2026-03-22T10:09:17.463612,qwen_129,2.5944,2,0,4,5,0.002,5.0,3,0,,,,,,,"Based on the consistent superior performance of cadence=2 (F/N) with 3 layers and 5 loops, I should explore increasing the number of unique layers to 4 while maintaining the proven cadence=2 pattern. ","Based on the consistent superior performance of cadence=2 (F/N) with 3 layers and 5 loops, I should "
2026-03-22T10:12:46.044937,qwen_130,2.5929,2,0,4,4,0.002,5.0,3,0,,,,,,,"Based on the consistent superior performance of cadence=2 (F/N) with 3 layers and 5 loops, I should explore the impact of increasing layers to 4 while maintaining the proven cadence=2 pattern. The rec","Based on the consistent superior performance of cadence=2 (F/N) with 3 layers and 5 loops, I should "
2026-03-22T10:17:02.212878,qwen_131,2.5817,2,0,4,5,0.002,5.0,2,0,,,,,,,"Based on the consistent superior performance of cadence=2 (F/N) with 3 layers and 5 loops, I should explore increasing the number of unique layers to 4 while maintaining the proven cadence=2 pattern. ","Based on the consistent superior performance of cadence=2 (F/N) with 3 layers and 5 loops, I should "
2026-03-22T10:20:35.136289,qwen_132,2.4473,2,0,3,5,0.002,5.0,2,0,,,,,,,"Based on the consistent superior performance of cadence=2 (F/N) with 3 layers and 5 loops, I should explore the impact of mlp_mult on performance while maintaining the proven cadence and loop configur","Based on the consistent superior performance of cadence=2 (F/N) with 3 layers and 5 loops, I should "
2026-03-22T10:24:07.938323,qwen_133,2.4905,2,0,3,5,0.002,5.0,2,0,,,,,,,"Based on the consistent superior performance of cadence=2 (F/N) with 3 layers and 5 loops, I should explore the impact of MLP expansion factor. The current best results show mlp_mult=3, but since we'r","Based on the consistent superior performance of cadence=2 (F/N) with 3 layers and 5 loops, I should "
2026-03-22T10:27:24.388396,qwen_134,2.5076,2,0,3,5,0.001,3.0,3,0,,,,,,,"Based on the consistent superior performance of cadence=2 (F/N) with 3 layers and 5 loops, I should explore the impact of mlp_mult on performance while maintaining the proven cadence and loop configur","Based on the consistent superior performance of cadence=2 (F/N) with 3 layers and 5 loops, I should "
2026-03-22T10:31:31.963353,qwen_135,2.6225,2,0,4,5,0.002,5.0,3,0,,,,,,,"Based on the consistent superior performance of cadence=2 (F/N) with 3 layers and 5 loops, I should explore increasing the number of unique layers to 4 while maintaining the proven cadence=2 pattern. ","Based on the consistent superior performance of cadence=2 (F/N) with 3 layers and 5 loops, I should "
2026-03-22T10:35:39.192128,qwen_136,2.5049,2,0,4,5,0.002,5.0,3,0,,,,,,,"Based on the consistent superior performance of cadence=2 (F/N) with 3 layers and 5 loops, I should explore increasing the number of unique layers to 4 while maintaining the proven cadence and loop co","Based on the consistent superior performance of cadence=2 (F/N) with 3 layers and 5 loops, I should "
2026-03-22T10:39:46.462946,qwen_137,2.5641,2,0,4,5,0.002,5.0,3,0,,,,,,,"Based on the consistent superior performance of cadence=2 (F/N) with 3 layers and 5 loops, I should explore increasing the number of unique layers to 4 while maintaining the proven cadence and loop co","Based on the consistent superior performance of cadence=2 (F/N) with 3 layers and 5 loops, I should "
2026-03-22T10:43:53.738588,qwen_138,2.516,2,0,4,5,0.002,5.0,3,0,,,,,,,"Based on the consistent superior performance of cadence=2 (F/N) with 3 layers and 5 loops, I should explore the impact of increasing num_unique_layers to 4 while maintaining the proven effective confi","Based on the consistent superior performance of cadence=2 (F/N) with 3 layers and 5 loops, I should "
2026-03-22T10:48:00.942022,qwen_139,2.723,2,0,4,5,0.002,5.0,3,0,,,,,,,"Based on the consistent superior performance of cadence=2 (F/N) with 3 layers and 5 loops, I should explore increasing the number of unique layers to 4 while maintaining the proven cadence=2 pattern. ","Based on the consistent superior performance of cadence=2 (F/N) with 3 layers and 5 loops, I should "
2026-03-22T10:52:08.504671,qwen_140,2.5545,2,0,4,5,0.002,5.0,3,0,,,,,,,"Based on the consistent superior performance of cadence=2 (F/N) with 3 layers and 5 loops, I should explore increasing the number of unique layers to 4 while maintaining the proven cadence=2 pattern. ","Based on the consistent superior performance of cadence=2 (F/N) with 3 layers and 5 loops, I should "
2026-03-22T10:56:15.846319,qwen_141,2.7298,2,0,4,5,0.002,5.0,3,0,,,,,,,"Based on the consistent superior performance of cadence=2 (F/N) with 3 layers and 5 loops, I should explore increasing the number of unique layers to 4 while maintaining the proven cadence and loop co","Based on the consistent superior performance of cadence=2 (F/N) with 3 layers and 5 loops, I should "
2026-03-22T11:00:23.730932,qwen_142,2.6116,2,0,4,5,0.001,5.0,3,0,,,,,,,"Based on the consistent superior performance of cadence=2 (F/N) with 3 layers and 5 loops, I should explore the impact of increasing layers to 4 while maintaining the proven cadence=2 pattern. This ma","Based on the consistent superior performance of cadence=2 (F/N) with 3 layers and 5 loops, I should "
2026-03-22T11:03:40.383510,qwen_143,2.3935,2,0,2,5,0.002,5.0,3,0,,,,,,,"Based on the consistent superior performance of cadence=2 (F/N) with 3 layers and 5 loops, I should explore the impact of reducing layers to 2 while maintaining the successful loop count and cadence. ","Based on the consistent superior performance of cadence=2 (F/N) with 3 layers and 5 loops, I should "
2026-03-22T11:05:56.990934,qwen_144,2.3332,3,0,2,4,0.002,5.0,3,0,,,,,,,"The results consistently show cadence=2 (F/N) with 3 layers and 5 loops performs best, with gradient clipping of 5.0 and MLP expansion factor of 3. To explore the boundary of this successful region wh","The results consistently show cadence=2 (F/N) with 3 layers and 5 loops performs best, with gradient"
2026-03-22T11:08:14.224858,qwen_145,2.4887,3,1,3,4,0.002,5.0,3,0,,,,,,,"The results consistently show cadence=2 (F/N) with 3 layers and 5 loops performs best, with gradient clipping of 5.0 and mlp_mult=3. However, the most recent result shows cadence=3 with 2 layers and 4","The results consistently show cadence=2 (F/N) with 3 layers and 5 loops performs best, with gradient"
2026-03-22T11:11:30.685244,qwen_146,2.4336,2,0,3,5,0.002,5.0,3,0,,,,,,,"Based on the consistent superior performance of cadence=2 (F/N) with 3 layers and 5 loops, I should explore increasing loops to 6 while maintaining the proven cadence=2 strategy. This maintains the be","Based on the consistent superior performance of cadence=2 (F/N) with 3 layers and 5 loops, I should "
2026-03-22T11:15:38.668360,qwen_147,2.6794,2,0,4,5,0.0015,5.0,3,0,,,,,,,"Based on the consistent superior performance of cadence=2 (F/N) with 3 layers and 5 loops, I should explore increasing the number of unique layers to 4 while maintaining the proven cadence=2 strategy.","Based on the consistent superior performance of cadence=2 (F/N) with 3 layers and 5 loops, I should "
2026-03-22T11:19:46.114574,qwen_148,2.5076,2,0,4,5,0.002,5.0,3,0,,,,,,,"Based on the consistent superior performance of cadence=2 (F/N) with 3 layers and 5 loops, I should explore the impact of increasing num_unique_layers to 4 while maintaining the proven effective confi","Based on the consistent superior performance of cadence=2 (F/N) with 3 layers and 5 loops, I should "
2026-03-22T11:23:53.426304,qwen_149,2.6726,2,0,4,5,0.002,5.0,3,0,,,,,,,"Based on the consistent superior performance of cadence=2 (F/N) with 3 layers and 5 loops, I should explore increasing the number of unique layers to 4 while maintaining the proven cadence=2 strategy.","Based on the consistent superior performance of cadence=2 (F/N) with 3 layers and 5 loops, I should "
2026-03-22T11:27:10.096737,qwen_150,2.4551,2,0,3,5,0.002,3.0,3,0,,,,,,,"Based on the consistent superior performance of cadence=2 (F/N) with 3 layers and 5 loops, I should explore variations in the number of unique layers while maintaining the proven cadence pattern. The ","Based on the consistent superior performance of cadence=2 (F/N) with 3 layers and 5 loops, I should "
2026-03-22T11:31:17.654251,qwen_151,2.6087,2,0,4,5,0.001,5.0,3,0,,,,,,,"Based on the consistent superior performance of cadence=2 (F/N) with 3 layers and 5 loops, I should explore increasing the number of unique layers to 4 while maintaining the proven cadence=2 strategy.","Based on the consistent superior performance of cadence=2 (F/N) with 3 layers and 5 loops, I should "
2026-03-22T11:35:25.209506,qwen_152,2.6194,2,0,4,5,0.002,5.0,3,0,,,,,,,"Based on the consistent superior performance of cadence=2 (F/N) with 3 layers and 5 loops, I should explore increasing the number of unique layers to 4 while maintaining the proven cadence and loop co","Based on the consistent superior performance of cadence=2 (F/N) with 3 layers and 5 loops, I should "
2026-03-22T11:39:32.753046,qwen_153,2.5428,2,0,4,5,0.002,3.0,3,0,,,,,,,"Based on the consistent superior performance of cadence=2 (F/N) with 3 layers and 5 loops, I should explore increasing the number of unique layers to 4 while maintaining the proven cadence and loop co","Based on the consistent superior performance of cadence=2 (F/N) with 3 layers and 5 loops, I should "
2026-03-22T11:42:50.263600,qwen_154,2.9458,2,0,2,5,0.002,5.0,3,0,,,,,,,"Based on the consistent superior performance of cadence=2 (F/N) with 3 layers and 5 loops, I should explore variations in the number of unique layers while maintaining the proven cadence pattern. The ","Based on the consistent superior performance of cadence=2 (F/N) with 3 layers and 5 loops, I should "
2026-03-22T11:46:57.841294,qwen_155,2.5101,2,0,4,5,0.002,3.0,3,0,,,,,,,"Based on the consistent superior performance of cadence=2 (F/N) with 3 layers and 5 loops, I should explore variations in the loop count and layer count to find potential improvements. The recent resu","Based on the consistent superior performance of cadence=2 (F/N) with 3 layers and 5 loops, I should "
2026-03-22T11:51:04.993997,qwen_156,2.6601,2,0,4,5,0.002,5.0,3,0,,,,,,,"Based on the consistent superior performance of cadence=2 (F/N) with 3 layers and 5 loops, I should explore the impact of increasing num_unique_layers to 4 while maintaining the proven effective loop ","Based on the consistent superior performance of cadence=2 (F/N) with 3 layers and 5 loops, I should "
2026-03-22T11:55:12.359697,qwen_157,2.7314,2,0,4,5,0.002,5.0,3,0,,,,,,,"Based on the consistent superior performance of cadence=2 (F/N) with 3 layers and 5 loops, I should explore the impact of increasing num_unique_layers to 4 while maintaining the proven cadence=2 and n","Based on the consistent superior performance of cadence=2 (F/N) with 3 layers and 5 loops, I should "
2026-03-22T11:57:58.428399,qwen_158,2.4285,2,0,3,4,0.002,5.0,3,0,,,,,,,"Based on the consistent superior performance of cadence=2 (F/N) with 3 layers and 5 loops, I should explore variations in the number of unique layers while maintaining the proven cadence pattern. The ","Based on the consistent superior performance of cadence=2 (F/N) with 3 layers and 5 loops, I should "
2026-03-22T12:02:06.357741,qwen_159,2.7963,2,0,4,5,0.002,5.0,3,0,,,,,,,"Based on the consistent superior performance of cadence=2 (F/N) with 3 layers and 5 loops, I should explore increasing the number of unique layers to 4 while maintaining the proven cadence=2 pattern. ","Based on the consistent superior performance of cadence=2 (F/N) with 3 layers and 5 loops, I should "
2026-03-22T12:05:14.138613,qwen_160,2.4272,2,0,2,5,0.002,5.0,2,0,,,,,,,"Based on the consistent superior performance of cadence=2 (F/N) with 3 layers and 5 loops, I should explore the impact of reducing layers to 2 while maintaining the successful loop count and cadence. ","Based on the consistent superior performance of cadence=2 (F/N) with 3 layers and 5 loops, I should "
2026-03-22T12:08:31.178781,qwen_161,2.4493,2,0,3,5,0.002,5.0,3,0,,,,,,,"Based on the consistent superior performance of cadence=2 (F/N) with 3 layers and 5 loops, I should explore increasing the MLP expansion factor to 3 while maintaining the proven cadence and loop confi","Based on the consistent superior performance of cadence=2 (F/N) with 3 layers and 5 loops, I should "
2026-03-22T12:12:39.117862,qwen_162,2.5626,2,0,4,5,0.001,5.0,3,0,,,,,,,"Based on the consistent superior performance of cadence=2 (F/N) with 3 layers and 5 loops, I should explore increasing the number of unique layers to 4 while maintaining the proven cadence=2 and loops","Based on the consistent superior performance of cadence=2 (F/N) with 3 layers and 5 loops, I should "
2026-03-22T12:16:46.671487,qwen_163,2.6387,2,0,4,5,0.001,3.0,3,0,,,,,,,"Based on the consistent superior performance of cadence=2 (F/N) with 3 layers and 5 loops, I should explore increasing the number of unique layers to 4 while maintaining the proven loop configuration.","Based on the consistent superior performance of cadence=2 (F/N) with 3 layers and 5 loops, I should "
2026-03-22T12:21:39.688049,qwen_199,2.5157,2,0,3,5,0.001,3.0,3,0,,,,,,,"Based on the consistent superior performance of cadence=2 (F/N) with 3 layers and 5 loops, I should explore the impact of gradient clipping and learning rate to optimize further. The best results show","Based on the consistent superior performance of cadence=2 (F/N) with 3 layers and 5 loops, I should "
2026-03-22T12:24:55.930371,qwen_200,2.4988,2,0,3,5,0.001,5.0,3,0,,,,,,,"Based on the consistent superior performance of cadence=2 (F/N) with 3 layers and 5 loops, I should explore increasing the learning rate to 1e-3 while maintaining the proven effective configuration. T","Based on the consistent superior performance of cadence=2 (F/N) with 3 layers and 5 loops, I should "
2026-03-22T12:28:12.732679,qwen_201,2.4432,2,0,3,5,0.002,6.0,3,0,,,,,,,"Based on the consistent superior performance of cadence=2 (F/N) with 3 layers and 5 loops, I should explore variations in gradient clipping to better handle the 3x gradient accumulation from 5 loops. ","Based on the consistent superior performance of cadence=2 (F/N) with 3 layers and 5 loops, I should "
2026-03-22T12:32:20.342246,qwen_202,2.5408,2,0,4,5,0.002,5.0,3,0,,,,,,,"The results consistently show that cadence=2 (F/N) with 3 layers and 5 loops performs best, with gradient clipping around 5.0 and MLP expansion factor of 3. To explore potentially better configuration","The results consistently show that cadence=2 (F/N) with 3 layers and 5 loops performs best, with gra"
2026-03-22T12:54:41.531767,qwen_627,2.4568,2,0,3,5,0.002,6.0,3,0,,,,,,,"Based on the consistent superior performance of cadence=2 (F/N) with 3 layers and 5 loops, I should explore the gradient clipping parameter to see if higher clipping values (6.0) might better handle t","Based on the consistent superior performance of cadence=2 (F/N) with 3 layers and 5 loops, I should "
2026-03-22T12:57:58.544124,qwen_628,2.5312,2,0,3,5,0.001,4.0,3,0,,,,,,,"Based on the consistent superior performance of cadence=2 (F/N) with 3 layers and 5 loops, I should explore variations in the gradient clipping and learning rate to optimize the fractal training dynam","Based on the consistent superior performance of cadence=2 (F/N) with 3 layers and 5 loops, I should "
